Company,Function,Action Item,Status,Owner,Founder Dependency,Comments
Aarna,Product,AI Personalization Recommendation Engine,WIP,Kiran,None,In testing phase
Aarna,GTM,Demand-Side B2B Channel Launch,To Start,Nikhil,To Review,Focus on UAE transit tourism
Abhee,Product,Trips Section Design and Interactive Gestures,WIP,Vishwa,None,LiveKit regression complete
Abhee,GTM,UAE Supplier and Creator Partnership Onboarding,Done,Nikhil,None,2900 experiences added
Pranik,Product,CDSS and Scribe Auto-Doctor Assignment,Done,Praveen,None,Deployed in pilot clinic
Pranik,Product,Cancer Constant Care Support Module,On Hold,Natesh,Decision,Reviewing Phase-1 priority
Miraee,Product,Revenue Generation Engine & Onboarding Flow,To Start,Sailaja,None,Next 15 days sprint
RedT,Ops,Enterprise Multi-Tenant Infrastructure Scaling,Planned,Teja,None,Cost optimization review
Casa Monde,Design,Brand Identity Guidelines and Visual Assets,WIP,Bhuvan,None,Incorporate founder feedback
